path_lp_idx	launch	capture	slack_ss	slack_ff	violation_weight
13	FF_1418	FF_1004	-0.013100000	0.238100000	0.013100000
15	FF_449	FF_1005	-0.011900000	0.210700000	0.011900000
85	FF_687	FF_1029	-0.031600000	0.239800000	0.031600000
132	FF_1489	FF_1049	-0.035400000	0.191400000	0.035400000
170	FF_1470	FF_1066	-0.018200000	0.251300000	0.018200000
171	FF_1117	FF_1067	-0.003700000	0.253100000	0.003700000
175	FF_977	FF_1070	-0.044500000	0.258900000	0.044500000
181	FF_949	FF_1069	-0.009300000	0.241400000	0.009300000
186	FF_1495	FF_1069	-0.014800000	0.216400000	0.014800000
189	FF_645	FF_1073	-0.012600000	0.176100000	0.012600000
218	FF_599	FF_100	-0.019700000	0.258800000	0.019700000
219	FF_329	FF_100	-0.046700000	0.280800000	0.046700000
222	FF_329	FF_101	-0.046300000	0.222700000	0.046300000
223	FF_881	FF_101	-0.132000000	0.222800000	0.132000000
227	FF_111	FF_102	-0.014900000	0.245100000	0.014900000
228	FF_610	FF_102	-0.056500000	0.288100000	0.056500000
229	FF_1029	FF_102	-0.139000000	0.283400000	0.139000000
232	FF_699	FF_103	-0.157200000	0.276200000	0.157200000
234	FF_1077	FF_104	-0.046000000	0.218100000	0.046000000
235	FF_415	FF_1085	-0.019700000	0.259700000	0.019700000
236	FF_1089	FF_105	-0.005200000	0.256300000	0.005200000
244	FF_1118	FF_106	-0.075400000	0.220900000	0.075400000
248	FF_1431	FF_106	-0.002000000	0.253800000	0.002000000
251	FF_1423	FF_107	-0.023700000	0.259300000	0.023700000
257	FF_1082	FF_10	-0.166700000	0.261500000	0.166700000
274	FF_355	FF_11	-0.082800000	0.289900000	0.082800000
280	FF_309	FF_12	-0.072400000	0.249800000	0.072400000
288	FF_113	FF_13	-0.111000000	0.219000000	0.111000000
293	FF_1026	FF_113	-0.084700000	0.288100000	0.084700000
294	FF_1055	FF_14	-0.180500000	0.291500000	0.180500000
295	FF_1169	FF_14	-0.117000000	0.323300000	0.117000000
296	FF_227	FF_14	-0.124900000	0.293700000	0.124900000
297	FF_535	FF_14	-0.147600000	0.247700000	0.147600000
310	FF_911	FF_1094	-0.001500000	0.216200000	0.001500000
314	FF_626	FF_114	-0.017900000	0.265500000	0.017900000
315	FF_1318	FF_114	-0.055400000	0.227500000	0.055400000
317	FF_705	FF_114	-0.040000000	0.207900000	0.040000000
318	FF_131	FF_114	-0.002600000	0.176500000	0.002600000
319	FF_1396	FF_114	-0.056400000	0.287200000	0.056400000
322	FF_325	FF_15	-0.142600000	0.237600000	0.142600000
323	FF_250	FF_15	-0.076000000	0.314400000	0.076000000
329	FF_768	FF_115	-0.029200000	0.201200000	0.029200000
330	FF_1192	FF_115	-0.000600000	0.256000000	0.000600000
331	FF_279	FF_16	-0.112200000	0.254500000	0.112200000
338	FF_1104	FF_116	-0.057300000	0.199700000	0.057300000
339	FF_1052	FF_17	-0.130500000	0.239600000	0.130500000
344	FF_873	FF_117	-0.032100000	0.208300000	0.032100000
362	FF_998	FF_118	-0.018700000	0.251900000	0.018700000
363	FF_725	FF_19	-0.172200000	0.290100000	0.172200000
364	FF_1395	FF_19	-0.158700000	0.233000000	0.158700000
365	FF_616	FF_20	-0.062300000	0.301000000	0.062300000
366	FF_1493	FF_20	-0.043100000	0.282800000	0.043100000
373	FF_1364	FF_120	-0.015500000	0.225600000	0.015500000
374	FF_1285	FF_120	-0.022600000	0.225900000	0.022600000
377	FF_967	FF_21	-0.152600000	0.294200000	0.152600000
378	FF_797	FF_21	-0.153500000	0.314900000	0.153500000
379	FF_474	FF_21	-0.090200000	0.229300000	0.090200000
380	FF_1434	FF_21	-0.092200000	0.241400000	0.092200000
381	FF_1421	FF_21	-0.203800000	0.272200000	0.203800000
382	FF_952	FF_21	-0.111200000	0.264100000	0.111200000
383	FF_646	FF_21	-0.147400000	0.292200000	0.147400000
385	FF_560	FF_21	-0.020500000	0.285700000	0.020500000
386	FF_710	FF_21	-0.081700000	0.292800000	0.081700000
388	FF_422	FF_121	-0.052100000	0.280100000	0.052100000
390	FF_1345	FF_121	-0.030700000	0.269200000	0.030700000
391	FF_719	FF_22	-0.103200000	0.227100000	0.103200000
392	FF_1377	FF_22	-0.078600000	0.252900000	0.078600000
397	FF_976	FF_122	-0.099900000	0.237000000	0.099900000
398	FF_611	FF_122	-0.021900000	0.259600000	0.021900000
399	FF_383	FF_23	-0.074400000	0.308700000	0.074400000
401	FF_783	FF_123	-0.059600000	0.263900000	0.059600000
402	FF_845	FF_123	-0.054600000	0.275100000	0.054600000
405	FF_690	FF_123	-0.090000000	0.289900000	0.090000000
409	FF_1162	FF_123	-0.013800000	0.202100000	0.013800000
411	FF_759	FF_24	-0.062800000	0.256600000	0.062800000
412	FF_628	FF_24	-0.112500000	0.273700000	0.112500000
414	FF_473	FF_124	-0.023600000	0.273500000	0.023600000
417	FF_390	FF_25	-0.040100000	0.283500000	0.040100000
418	FF_447	FF_25	-0.117400000	0.308300000	0.117400000
420	FF_727	FF_125	-0.114000000	0.287900000	0.114000000
421	FF_995	FF_26	-0.071100000	0.286200000	0.071100000
422	FF_253	FF_26	-0.046900000	0.249300000	0.046900000
428	FF_1410	FF_27	-0.074300000	0.224800000	0.074300000
429	FF_325	FF_27	-0.057800000	0.231100000	0.057800000
432	FF_705	FF_127	-0.012100000	0.157300000	0.012100000
435	FF_1211	FF_28	-0.113300000	0.318000000	0.113300000
436	FF_547	FF_28	-0.103200000	0.215400000	0.103200000
437	FF_1069	FF_28	-0.088500000	0.264500000	0.088500000
438	FF_920	FF_28	-0.106500000	0.260000000	0.106500000
439	FF_819	FF_28	-0.085300000	0.272900000	0.085300000
440	FF_1254	FF_28	-0.001200000	0.245200000	0.001200000
441	FF_881	FF_28	-0.071900000	0.287200000	0.071900000
448	FF_1483	FF_128	-0.006500000	0.194300000	0.006500000
455	FF_676	FF_128	-0.071800000	0.183800000	0.071800000
458	FF_649	FF_29	-0.022900000	0.310800000	0.022900000
459	FF_1402	FF_29	-0.141000000	0.247100000	0.141000000
460	FF_1149	FF_30	-0.049300000	0.253600000	0.049300000
461	FF_898	FF_30	-0.079200000	0.267700000	0.079200000
479	FF_475	FF_129	-0.000800000	0.214400000	0.000800000
480	FF_802	FF_31	-0.073700000	0.239100000	0.073700000
484	FF_1318	FF_32	-0.031200000	0.296100000	0.031200000
489	FF_694	FF_33	-0.168100000	0.262000000	0.168100000
491	FF_650	FF_33	-0.125800000	0.251700000	0.125800000
494	FF_1106	FF_1123	-0.014200000	0.230800000	0.014200000
495	FF_1301	FF_133	-0.016100000	0.193500000	0.016100000
496	FF_1465	FF_34	-0.061900000	0.190700000	0.061900000
497	FF_1030	FF_34	-0.127600000	0.296200000	0.127600000
499	FF_520	FF_34	-0.106900000	0.252000000	0.106900000
500	FF_267	FF_34	-0.071200000	0.192400000	0.071200000
501	FF_1104	FF_34	-0.054400000	0.302400000	0.054400000
502	FF_116	FF_34	-0.024200000	0.257200000	0.024200000
503	FF_1099	FF_34	-0.150900000	0.231900000	0.150900000
504	FF_298	FF_34	-0.072600000	0.291600000	0.072600000
505	FF_1119	FF_34	-0.170000000	0.245800000	0.170000000
509	FF_919	FF_134	-0.010200000	0.268900000	0.010200000
510	FF_543	FF_134	-0.005400000	0.201600000	0.005400000
511	FF_1401	FF_35	-0.122200000	0.299300000	0.122200000
514	FF_1347	FF_135	-0.002200000	0.198700000	0.002200000
522	FF_724	FF_135	-0.004500000	0.248400000	0.004500000
523	FF_222	FF_36	-0.026100000	0.205300000	0.026100000
524	FF_236	FF_36	-0.032600000	0.244300000	0.032600000
525	FF_751	FF_36	-0.061900000	0.296300000	0.061900000
527	FF_340	FF_36	-0.065400000	0.259200000	0.065400000
529	FF_599	FF_36	-0.015200000	0.269700000	0.015200000
531	FF_803	FF_136	-0.110800000	0.238300000	0.110800000
532	FF_320	FF_37	-0.077500000	0.194400000	0.077500000
535	FF_644	FF_137	-0.028800000	0.264800000	0.028800000
538	FF_904	FF_38	-0.078800000	0.306100000	0.078800000
541	FF_417	FF_1128	-0.032400000	0.243300000	0.032400000
544	FF_896	FF_39	-0.130600000	0.253800000	0.130600000
545	FF_758	FF_40	-0.000300000	0.274700000	0.000300000
546	FF_1196	FF_1130	-0.001000000	0.199100000	0.001000000
549	FF_1080	FF_139	-0.005100000	0.196300000	0.005100000
551	FF_778	FF_139	-0.014900000	0.213200000	0.014900000
553	FF_1217	FF_139	-0.023100000	0.265700000	0.023100000
556	FF_647	FF_139	-0.068500000	0.204800000	0.068500000
558	FF_1174	FF_139	-0.009700000	0.265200000	0.009700000
559	FF_952	FF_41	-0.061000000	0.255400000	0.061000000
560	FF_1312	FF_1131	-0.001700000	0.233200000	0.001700000
561	FF_495	FF_1131	-0.011600000	0.245600000	0.011600000
562	FF_1417	FF_141	-0.014100000	0.268800000	0.014100000
565	FF_912	FF_1132	-0.118000000	0.267000000	0.118000000
566	FF_1178	FF_1132	-0.013000000	0.248600000	0.013000000
568	FF_631	FF_1132	-0.046500000	0.263600000	0.046500000
569	FF_671	FF_1132	-0.030800000	0.274600000	0.030800000
571	FF_1142	FF_1132	-0.044300000	0.261800000	0.044300000
572	FF_159	FF_1132	-0.030600000	0.223100000	0.030600000
573	FF_991	FF_1132	-0.090600000	0.219400000	0.090600000
574	FF_452	FF_1132	-0.072900000	0.246500000	0.072900000
577	FF_398	FF_43	-0.000700000	0.206800000	0.000700000
579	FF_1388	FF_143	-0.019200000	0.171800000	0.019200000
580	FF_1033	FF_44	-0.042600000	0.262300000	0.042600000
581	FF_801	FF_1134	-0.054200000	0.294900000	0.054200000
582	FF_1304	FF_1134	-0.062800000	0.255100000	0.062800000
584	FF_401	FF_144	-0.009500000	0.257000000	0.009500000
588	FF_1436	FF_144	-0.066300000	0.187500000	0.066300000
590	FF_781	FF_144	-0.055200000	0.187000000	0.055200000
591	FF_833	FF_144	-0.004000000	0.209600000	0.004000000
592	FF_1229	FF_144	-0.011800000	0.221400000	0.011800000
593	FF_1276	FF_45	-0.097000000	0.255000000	0.097000000
594	FF_1120	FF_45	-0.006400000	0.190000000	0.006400000
595	FF_838	FF_45	-0.056300000	0.268500000	0.056300000
596	FF_939	FF_45	-0.039500000	0.248000000	0.039500000
597	FF_1500	FF_45	-0.014400000	0.247000000	0.014400000
598	FF_497	FF_45	-0.040600000	0.184200000	0.040600000
599	FF_405	FF_45	-0.060100000	0.264700000	0.060100000
600	FF_458	FF_45	-0.095600000	0.268600000	0.095600000
602	FF_1359	FF_45	-0.064400000	0.206000000	0.064400000
605	FF_425	FF_1135	-0.027500000	0.264300000	0.027500000
608	FF_394	FF_1135	-0.003300000	0.196500000	0.003300000
609	FF_634	FF_1135	-0.000400000	0.178700000	0.000400000
611	FF_887	FF_1135	-0.020500000	0.298400000	0.020500000
612	FF_1401	FF_1135	-0.002600000	0.244100000	0.002600000
614	FF_1161	FF_145	-0.008400000	0.198800000	0.008400000
615	FF_995	FF_145	-0.000200000	0.273700000	0.000200000
616	FF_408	FF_46	-0.157400000	0.240300000	0.157400000
617	FF_917	FF_46	-0.102600000	0.324400000	0.102600000
618	FF_1226	FF_1136	-0.005800000	0.243100000	0.005800000
622	FF_1058	FF_1136	-0.031000000	0.260800000	0.031000000
624	FF_928	FF_1136	-0.009100000	0.216700000	0.009100000
625	FF_687	FF_1136	-0.106400000	0.261600000	0.106400000
627	FF_404	FF_1136	-0.020600000	0.272200000	0.020600000
628	FF_1439	FF_146	-0.000100000	0.235600000	0.000100000
629	FF_966	FF_47	-0.036500000	0.245400000	0.036500000
630	FF_459	FF_1137	-0.033300000	0.234200000	0.033300000
632	FF_682	FF_1137	-0.068400000	0.240600000	0.068400000
634	FF_752	FF_147	-0.021200000	0.228700000	0.021200000
646	FF_732	FF_1138	-0.078100000	0.205000000	0.078100000
647	FF_1353	FF_148	-0.042400000	0.202100000	0.042400000
650	FF_911	FF_50	-0.019300000	0.296200000	0.019300000
651	FF_1335	FF_49	-0.010800000	0.226500000	0.010800000
652	FF_429	FF_49	-0.003100000	0.242800000	0.003100000
653	FF_1242	FF_1140	-0.022300000	0.199100000	0.022300000
655	FF_1078	FF_1139	-0.003900000	0.222000000	0.003900000
656	FF_1216	FF_150	-0.004900000	0.222600000	0.004900000
657	FF_905	FF_150	-0.002000000	0.230600000	0.002000000
668	FF_723	FF_52	-0.038500000	0.273300000	0.038500000
673	FF_369	FF_53	-0.018400000	0.227800000	0.018400000
674	FF_1207	FF_53	-0.062000000	0.240800000	0.062000000
676	FF_789	FF_1143	-0.014100000	0.177700000	0.014100000
679	FF_1344	FF_54	-0.036900000	0.227200000	0.036900000
681	FF_194	FF_54	-0.011200000	0.217000000	0.011200000
682	FF_1442	FF_54	-0.098300000	0.223300000	0.098300000
683	FF_962	FF_54	-0.090400000	0.233500000	0.090400000
685	FF_160	FF_54	-0.010400000	0.204800000	0.010400000
694	FF_904	FF_55	-0.106800000	0.327000000	0.106800000
696	FF_1473	FF_155	-0.027100000	0.233100000	0.027100000
698	FF_548	FF_56	-0.092400000	0.256900000	0.092400000
700	FF_468	FF_1146	-0.017500000	0.202600000	0.017500000
704	FF_708	FF_57	-0.124600000	0.237400000	0.124600000
707	FF_140	FF_57	-0.035000000	0.234300000	0.035000000
708	FF_950	FF_57	-0.000600000	0.296600000	0.000600000
710	FF_734	FF_157	-0.063300000	0.252900000	0.063300000
712	FF_1468	FF_58	-0.140000000	0.259800000	0.140000000
713	FF_725	FF_58	-0.018100000	0.252000000	0.018100000
714	FF_993	FF_58	-0.174100000	0.260700000	0.174100000
715	FF_557	FF_58	-0.092300000	0.250400000	0.092300000
717	FF_747	FF_158	-0.013400000	0.216000000	0.013400000
719	FF_1056	FF_60	-0.133500000	0.238200000	0.133500000
721	FF_767	FF_59	-0.049400000	0.270000000	0.049400000
733	FF_655	FF_160	-0.004100000	0.182500000	0.004100000
738	FF_184	FF_61	-0.021600000	0.196100000	0.021600000
739	FF_268	FF_61	-0.061100000	0.235000000	0.061100000
740	FF_549	FF_61	-0.082700000	0.254200000	0.082700000
744	FF_729	FF_161	-0.031800000	0.225100000	0.031800000
751	FF_1039	FF_161	-0.025400000	0.164300000	0.025400000
753	FF_855	FF_62	-0.060600000	0.199500000	0.060600000
754	FF_140	FF_62	-0.033000000	0.236700000	0.033000000
755	FF_571	FF_62	-0.030000000	0.247700000	0.030000000
756	FF_893	FF_62	-0.071200000	0.307100000	0.071200000
757	FF_1195	FF_62	-0.042600000	0.246200000	0.042600000
758	FF_162	FF_62	-0.040000000	0.288100000	0.040000000
759	FF_706	FF_62	-0.049100000	0.291800000	0.049100000
760	FF_290	FF_62	-0.035600000	0.201100000	0.035600000
763	FF_400	FF_162	-0.060600000	0.209100000	0.060600000
764	FF_1112	FF_63	-0.102200000	0.309600000	0.102200000
769	FF_1005	FF_64	-0.063900000	0.243200000	0.063900000
770	FF_909	FF_64	-0.130700000	0.311900000	0.130700000
772	FF_420	FF_1154	-0.016200000	0.224900000	0.016200000
774	FF_779	FF_1154	-0.022900000	0.209800000	0.022900000
775	FF_1177	FF_1154	-0.010600000	0.208200000	0.010600000
780	FF_755	FF_1154	-0.013900000	0.238200000	0.013900000
784	FF_728	FF_65	-0.116500000	0.281200000	0.116500000
798	FF_1286	FF_66	-0.004800000	0.306100000	0.004800000
803	FF_1000	FF_166	-0.024400000	0.201400000	0.024400000
805	FF_1101	FF_166	-0.037800000	0.223600000	0.037800000
811	FF_523	FF_166	-0.006000000	0.202800000	0.006000000
812	FF_640	FF_67	-0.063300000	0.204200000	0.063300000
815	FF_555	FF_68	-0.076000000	0.258800000	0.076000000
818	FF_1379	FF_68	-0.013000000	0.243800000	0.013000000
819	FF_1117	FF_68	-0.133200000	0.267200000	0.133200000
831	FF_1443	FF_70	-0.075800000	0.267600000	0.075800000
832	FF_996	FF_69	-0.099300000	0.310400000	0.099300000
843	FF_349	FF_71	-0.038400000	0.274600000	0.038400000
844	FF_530	FF_71	-0.082300000	0.271200000	0.082300000
845	FF_1105	FF_71	-0.066200000	0.259600000	0.066200000
847	FF_983	FF_171	-0.057700000	0.225500000	0.057700000
848	FF_824	FF_72	-0.029500000	0.257600000	0.029500000
849	FF_1307	FF_72	-0.019600000	0.235400000	0.019600000
852	FF_695	FF_1162	-0.023000000	0.266000000	0.023000000
854	FF_625	FF_73	-0.116500000	0.264800000	0.116500000
855	FF_1495	FF_73	-0.119700000	0.240300000	0.119700000
856	FF_763	FF_73	-0.024900000	0.219400000	0.024900000
858	FF_1106	FF_1163	-0.039800000	0.202900000	0.039800000
863	FF_1032	FF_1163	-0.023900000	0.256700000	0.023900000
868	FF_924	FF_173	-0.001800000	0.260700000	0.001800000
869	FF_395	FF_74	-0.044700000	0.277700000	0.044700000
872	FF_1307	FF_174	-0.025500000	0.205000000	0.025500000
878	FF_336	FF_174	-0.028200000	0.188000000	0.028200000
880	FF_1472	FF_174	-0.037500000	0.222500000	0.037500000
881	FF_664	FF_75	-0.024300000	0.276600000	0.024300000
882	FF_1116	FF_1165	-0.012600000	0.196000000	0.012600000
885	FF_255	FF_175	-0.015200000	0.248500000	0.015200000
886	FF_356	FF_76	-0.008700000	0.217100000	0.008700000
887	FF_1428	FF_76	-0.061100000	0.258900000	0.061100000
891	FF_803	FF_1166	-0.061300000	0.226700000	0.061300000
899	FF_765	FF_176	-0.030400000	0.209200000	0.030400000
900	FF_961	FF_176	-0.081000000	0.240700000	0.081000000
901	FF_1231	FF_176	-0.031700000	0.285600000	0.031700000
902	FF_1007	FF_176	-0.055700000	0.234800000	0.055700000
903	FF_925	FF_176	-0.026300000	0.279000000	0.026300000
905	FF_982	FF_176	-0.088500000	0.288900000	0.088500000
907	FF_1361	FF_176	-0.022000000	0.271900000	0.022000000
908	FF_231	FF_176	-0.012700000	0.244700000	0.012700000
912	FF_1296	FF_177	-0.054900000	0.265900000	0.054900000
919	FF_406	FF_178	-0.113700000	0.228700000	0.113700000
920	FF_1144	FF_178	-0.013400000	0.260500000	0.013400000
921	FF_512	FF_178	-0.040200000	0.251000000	0.040200000
923	FF_1008	FF_80	-0.037200000	0.275200000	0.037200000
924	FF_349	FF_80	-0.001000000	0.254000000	0.001000000
926	FF_539	FF_79	-0.141900000	0.253300000	0.141900000
927	FF_1390	FF_79	-0.069100000	0.232700000	0.069100000
933	FF_741	FF_1169	-0.013000000	0.232700000	0.013000000
938	FF_254	FF_81	-0.009000000	0.264800000	0.009000000
942	FF_419	FF_181	-0.096300000	0.260500000	0.096300000
943	FF_954	FF_181	-0.016400000	0.222800000	0.016400000
946	FF_744	FF_181	-0.016500000	0.252900000	0.016500000
947	FF_362	FF_181	-0.058300000	0.250500000	0.058300000
950	FF_1024	FF_181	-0.042400000	0.291300000	0.042400000
954	FF_257	FF_182	-0.028400000	0.250500000	0.028400000
955	FF_236	FF_182	-0.022000000	0.205000000	0.022000000
958	FF_1047	FF_182	-0.017200000	0.216400000	0.017200000
960	FF_1420	FF_182	-0.042500000	0.256200000	0.042500000
961	FF_1277	FF_182	-0.008500000	0.256000000	0.008500000
962	FF_843	FF_182	-0.055200000	0.244000000	0.055200000
964	FF_807	FF_83	-0.059500000	0.276100000	0.059500000
969	FF_656	FF_183	-0.025900000	0.224200000	0.025900000
971	FF_693	FF_183	-0.065600000	0.306800000	0.065600000
972	FF_1464	FF_183	-0.022000000	0.229500000	0.022000000
974	FF_782	FF_183	-0.055300000	0.290800000	0.055300000
975	FF_494	FF_183	-0.001600000	0.249900000	0.001600000
976	FF_424	FF_183	-0.020000000	0.247300000	0.020000000
977	FF_1446	FF_183	-0.045700000	0.206000000	0.045700000
978	FF_786	FF_84	-0.077800000	0.236000000	0.077800000
985	FF_1089	FF_184	-0.029600000	0.232700000	0.029600000
986	FF_1234	FF_85	-0.086200000	0.226300000	0.086200000
987	FF_930	FF_85	-0.072600000	0.193100000	0.072600000
989	FF_1097	FF_85	-0.047400000	0.303200000	0.047400000
991	FF_411	FF_85	-0.038800000	0.263800000	0.038800000
992	FF_604	FF_85	-0.008700000	0.242700000	0.008700000
994	FF_537	FF_85	-0.036400000	0.226000000	0.036400000
995	FF_937	FF_85	-0.049500000	0.256400000	0.049500000
1006	FF_1355	FF_87	-0.108300000	0.212100000	0.108300000
1010	FF_1229	FF_187	-0.005600000	0.288500000	0.005600000
1012	FF_1391	FF_88	-0.038000000	0.214400000	0.038000000
1023	FF_920	FF_188	-0.081400000	0.223100000	0.081400000
1024	FF_444	FF_188	-0.019900000	0.267600000	0.019900000
1028	FF_1115	FF_188	-0.004300000	0.288400000	0.004300000
1030	FF_996	FF_188	-0.066200000	0.274300000	0.066200000
1033	FF_1319	FF_90	-0.021000000	0.228800000	0.021000000
1038	FF_841	FF_190	-0.029600000	0.241100000	0.029600000
1039	FF_600	FF_189	-0.006300000	0.241100000	0.006300000
1040	FF_760	FF_189	-0.061000000	0.215600000	0.061000000
1041	FF_651	FF_91	-0.002500000	0.231600000	0.002500000
1043	FF_804	FF_200	-0.081100000	0.219500000	0.081100000
1044	FF_749	FF_200	-0.049700000	0.239600000	0.049700000
1048	FF_1429	FF_92	-0.023800000	0.236700000	0.023800000
1053	FF_956	FF_92	-0.049600000	0.256700000	0.049600000
1055	FF_1454	FF_1182	-0.011300000	0.231400000	0.011300000
1056	FF_1447	FF_93	-0.012400000	0.228600000	0.012400000
1058	FF_769	FF_192	-0.016600000	0.213000000	0.016600000
1061	FF_1193	FF_192	-0.036200000	0.186300000	0.036200000
1070	FF_1155	FF_193	-0.048400000	0.213200000	0.048400000
1071	FF_1419	FF_193	-0.147700000	0.216600000	0.147700000
1072	FF_672	FF_203	-0.017100000	0.225400000	0.017100000
1077	FF_967	FF_194	-0.043600000	0.271400000	0.043600000
1078	FF_731	FF_194	-0.050100000	0.194000000	0.050100000
1086	FF_655	FF_204	-0.014900000	0.282500000	0.014900000
1088	FF_1491	FF_1185	-0.036900000	0.240300000	0.036900000
1089	FF_1164	FF_96	-0.006700000	0.251400000	0.006700000
1090	FF_1066	FF_96	-0.038400000	0.254100000	0.038400000
1092	FF_1446	FF_195	-0.027100000	0.194000000	0.027100000
1100	FF_732	FF_97	-0.039400000	0.250600000	0.039400000
1101	FF_1387	FF_97	-0.080600000	0.206700000	0.080600000
1103	FF_925	FF_206	-0.031700000	0.233600000	0.031700000
1105	FF_1021	FF_1187	-0.053700000	0.273000000	0.053700000
1107	FF_713	FF_98	-0.031500000	0.254700000	0.031500000
1109	FF_1014	FF_197	-0.079300000	0.211100000	0.079300000
1113	FF_670	FF_1188	-0.024200000	0.258200000	0.024200000
1121	FF_660	FF_99	-0.130900000	0.289700000	0.130900000
1124	FF_392	FF_208	-0.021200000	0.227700000	0.021200000
1129	FF_1119	FF_1200	-0.046100000	0.312400000	0.046100000
1130	FF_1362	FF_1200	-0.008900000	0.172700000	0.008900000
1136	FF_1394	FF_199	-0.023300000	0.231800000	0.023300000
1137	FF_622	FF_199	-0.016300000	0.247800000	0.016300000
1140	FF_799	FF_210	-0.067900000	0.221200000	0.067900000
1142	FF_304	FF_1201	-0.008400000	0.190200000	0.008400000
1144	FF_960	FF_211	-0.073800000	0.262800000	0.073800000
1145	FF_1094	FF_211	-0.064300000	0.190800000	0.064300000
1148	FF_1006	FF_211	-0.017000000	0.193900000	0.017000000
1149	FF_1357	FF_211	-0.031900000	0.204100000	0.031900000
1151	FF_1482	FF_211	-0.026200000	0.168900000	0.026200000
1153	FF_883	FF_211	-0.119400000	0.243200000	0.119400000
1154	FF_910	FF_1202	-0.080500000	0.200900000	0.080500000
1155	FF_1112	FF_1202	-0.052200000	0.199400000	0.052200000
1157	FF_1023	FF_1202	-0.091300000	0.245800000	0.091300000
1158	FF_915	FF_1202	-0.033400000	0.277400000	0.033400000
1159	FF_723	FF_1202	-0.030800000	0.188200000	0.030800000
1168	FF_953	FF_213	-0.038400000	0.204500000	0.038400000
1170	FF_1442	FF_1204	-0.040900000	0.238500000	0.040900000
1172	FF_1054	FF_1204	-0.019300000	0.187400000	0.019300000
1173	FF_669	FF_1204	-0.101600000	0.239200000	0.101600000
1174	FF_519	FF_1204	-0.017700000	0.242200000	0.017700000
1175	FF_735	FF_1204	-0.103500000	0.233800000	0.103500000
1177	FF_822	FF_1204	-0.036500000	0.256100000	0.036500000
1178	FF_542	FF_1204	-0.035900000	0.256900000	0.035900000
1179	FF_446	FF_1194	-0.054500000	0.234800000	0.054500000
1180	FF_1073	FF_214	-0.076000000	0.275700000	0.076000000
1181	FF_958	FF_214	-0.081000000	0.232900000	0.081000000
1182	FF_645	FF_214	-0.137400000	0.270100000	0.137400000
1183	FF_518	FF_214	-0.056600000	0.219900000	0.056600000
1184	FF_968	FF_214	-0.122300000	0.273800000	0.122300000
1185	FF_960	FF_214	-0.114400000	0.211100000	0.114400000
1186	FF_957	FF_214	-0.031400000	0.286800000	0.031400000
1188	FF_845	FF_214	-0.059300000	0.249400000	0.059300000
1190	FF_894	FF_1205	-0.031900000	0.238900000	0.031900000
1193	FF_1210	FF_1205	-0.012500000	0.223700000	0.012500000
1195	FF_543	FF_1205	-0.009700000	0.253800000	0.009700000
1198	FF_736	FF_1205	-0.117100000	0.204800000	0.117100000
1199	FF_407	FF_1205	-0.050500000	0.232800000	0.050500000
1200	FF_1105	FF_1195	-0.006600000	0.219700000	0.006600000
1204	FF_1401	FF_215	-0.063700000	0.210100000	0.063700000
1209	FF_908	FF_216	-0.028600000	0.297500000	0.028600000
1212	FF_1046	FF_217	-0.012100000	0.241700000	0.012100000
1213	FF_1492	FF_217	-0.019200000	0.187600000	0.019200000
1216	FF_888	FF_1208	-0.053800000	0.204200000	0.053800000
1218	FF_680	FF_1208	-0.070500000	0.237700000	0.070500000
1222	FF_417	FF_1208	-0.058200000	0.181100000	0.058200000
1223	FF_993	FF_1198	-0.059400000	0.280500000	0.059400000
1233	FF_1020	FF_218	-0.038600000	0.253500000	0.038600000
1238	FF_415	FF_1209	-0.086700000	0.280900000	0.086700000
1247	FF_685	FF_219	-0.103600000	0.266300000	0.103600000
1249	FF_1388	FF_219	-0.042800000	0.247100000	0.042800000
1265	FF_1234	FF_221	-0.004300000	0.158800000	0.004300000
1270	FF_1020	FF_221	-0.011400000	0.239400000	0.011400000
1280	FF_400	FF_222	-0.071400000	0.217200000	0.071400000
1295	FF_1038	FF_224	-0.009500000	0.197700000	0.009500000
1297	FF_338	FF_224	-0.022400000	0.205100000	0.022400000
1327	FF_550	FF_231	-0.000300000	0.259400000	0.000300000
1329	FF_805	FF_1222	-0.004300000	0.195800000	0.004300000
1331	FF_972	FF_232	-0.032600000	0.263700000	0.032600000
1339	FF_756	FF_235	-0.012700000	0.251700000	0.012700000
1360	FF_1215	FF_237	-0.041900000	0.258800000	0.041900000
1361	FF_533	FF_237	-0.022200000	0.233600000	0.022200000
1362	FF_964	FF_237	-0.033800000	0.216100000	0.033800000
1365	FF_409	FF_237	-0.070200000	0.259700000	0.070200000
1385	FF_895	FF_239	-0.034800000	0.260600000	0.034800000
1388	FF_891	FF_239	-0.040500000	0.236500000	0.040500000
1391	FF_1041	FF_239	-0.012400000	0.210500000	0.012400000
1392	FF_1472	FF_240	-0.043800000	0.268700000	0.043800000
1401	FF_455	FF_242	-0.001600000	0.273700000	0.001600000
1404	FF_998	FF_243	-0.033900000	0.266600000	0.033900000
1419	FF_542	FF_1235	-0.007600000	0.199200000	0.007600000
1420	FF_1486	FF_245	-0.045900000	0.247000000	0.045900000
1421	FF_566	FF_245	-0.004400000	0.207200000	0.004400000
1424	FF_522	FF_246	-0.009800000	0.235500000	0.009800000
1428	FF_736	FF_1238	-0.025100000	0.236800000	0.025100000
1430	FF_1471	FF_248	-0.027100000	0.233600000	0.027100000
1433	FF_1094	FF_248	-0.008700000	0.165900000	0.008700000
1434	FF_989	FF_248	-0.023900000	0.270000000	0.023900000
1439	FF_823	FF_248	-0.005900000	0.227000000	0.005900000
1451	FF_457	FF_249	-0.016400000	0.169100000	0.016400000
1460	FF_1406	FF_249	-0.002300000	0.244300000	0.002300000
1470	FF_541	FF_251	-0.004100000	0.223800000	0.004100000
1476	FF_817	FF_252	-0.024000000	0.186600000	0.024000000
1477	FF_885	FF_252	-0.037500000	0.254000000	0.037500000
1478	FF_1013	FF_252	-0.035300000	0.236200000	0.035300000
1482	FF_1058	FF_253	-0.000000000	0.240000000	0.000000000
1495	FF_691	FF_1246	-0.034600000	0.231600000	0.034600000
1497	FF_402	FF_1246	-0.042700000	0.191000000	0.042700000
1499	FF_992	FF_256	-0.018100000	0.257600000	0.018100000
1510	FF_921	FF_257	-0.008300000	0.203300000	0.008300000
1517	FF_1072	FF_258	-0.005000000	0.172800000	0.005000000
1522	FF_667	FF_258	-0.045200000	0.217200000	0.045200000
1526	FF_1040	FF_1250	-0.009500000	0.254400000	0.009500000
1529	FF_335	FF_259	-0.008500000	0.186700000	0.008500000
1531	FF_654	FF_260	-0.003300000	0.278300000	0.003300000
1536	FF_426	FF_1251	-0.018600000	0.189500000	0.018600000
1537	FF_909	FF_1251	-0.054200000	0.269900000	0.054200000
1539	FF_1419	FF_1251	-0.053700000	0.202100000	0.053700000
1542	FF_1103	FF_261	-0.054300000	0.208500000	0.054300000
1543	FF_480	FF_261	-0.001400000	0.175300000	0.001400000
1547	FF_373	FF_263	-0.016900000	0.207100000	0.016900000
1554	FF_993	FF_1255	-0.085700000	0.197200000	0.085700000
1558	FF_1400	FF_1256	-0.015800000	0.185700000	0.015800000
1561	FF_302	FF_1257	-0.045000000	0.185400000	0.045000000
1562	FF_1024	FF_267	-0.027400000	0.259100000	0.027400000
1563	FF_946	FF_267	-0.034300000	0.251700000	0.034300000
1564	FF_844	FF_1258	-0.061300000	0.288700000	0.061300000
1573	FF_1235	FF_1258	-0.012300000	0.217500000	0.012300000
1581	FF_787	FF_269	-0.001100000	0.181200000	0.001100000
1584	FF_1019	FF_1261	-0.002100000	0.223700000	0.002100000
1590	FF_470	FF_1262	-0.037200000	0.247900000	0.037200000
1594	FF_1167	FF_1262	-0.025600000	0.259800000	0.025600000
1596	FF_454	FF_1262	-0.044400000	0.272000000	0.044400000
1598	FF_982	FF_1262	-0.115500000	0.251800000	0.115500000
1600	FF_1016	FF_1263	-0.028100000	0.281500000	0.028100000
1605	FF_955	FF_1264	-0.015500000	0.248900000	0.015500000
1607	FF_403	FF_1264	-0.000500000	0.217000000	0.000500000
1608	FF_1394	FF_1264	-0.022800000	0.191100000	0.022800000
1611	FF_334	FF_1264	-0.007200000	0.238800000	0.007200000
1612	FF_789	FF_1264	-0.015400000	0.215500000	0.015400000
1619	FF_1107	FF_275	-0.068900000	0.233200000	0.068900000
1621	FF_1364	FF_275	-0.022700000	0.243000000	0.022700000
1622	FF_781	FF_275	-0.019200000	0.211700000	0.019200000
1626	FF_1114	FF_275	-0.023400000	0.266600000	0.023400000
1628	FF_800	FF_276	-0.032400000	0.237300000	0.032400000
1629	FF_1416	FF_276	-0.035800000	0.196200000	0.035800000
1642	FF_479	FF_1268	-0.000700000	0.234300000	0.000700000
1647	FF_1413	FF_1270	-0.007700000	0.239300000	0.007700000
1655	FF_802	FF_1269	-0.016100000	0.217300000	0.016100000
1660	FF_1415	FF_280	-0.017500000	0.259800000	0.017500000
1668	FF_1230	FF_282	-0.046100000	0.206400000	0.046100000
1669	FF_1232	FF_282	-0.067500000	0.272800000	0.067500000
1672	FF_1422	FF_282	-0.051300000	0.278000000	0.051300000
1675	FF_850	FF_282	-0.036600000	0.239200000	0.036600000
1677	FF_1002	FF_282	-0.067800000	0.231500000	0.067800000
1678	FF_1093	FF_1273	-0.031300000	0.188500000	0.031300000
1679	FF_611	FF_283	-0.048800000	0.232800000	0.048800000
1681	FF_317	FF_284	-0.007800000	0.168400000	0.007800000
1682	FF_1073	FF_284	-0.000900000	0.207100000	0.000900000
1686	FF_168	FF_284	-0.018000000	0.264900000	0.018000000
1688	FF_901	FF_284	-0.009500000	0.270700000	0.009500000
1689	FF_847	FF_284	-0.065600000	0.230100000	0.065600000
1694	FF_886	FF_285	-0.080600000	0.269800000	0.080600000
1695	FF_612	FF_285	-0.000700000	0.198500000	0.000700000
1706	FF_1053	FF_286	-0.039700000	0.250300000	0.039700000
1707	FF_677	FF_286	-0.019500000	0.292800000	0.019500000
1708	FF_836	FF_286	-0.021400000	0.217700000	0.021400000
1711	FF_470	FF_287	-0.019800000	0.242400000	0.019800000
1712	FF_538	FF_287	-0.020200000	0.250400000	0.020200000
1713	FF_1418	FF_287	-0.029800000	0.228800000	0.029800000
1714	FF_644	FF_287	-0.036700000	0.207800000	0.036700000
1719	FF_814	FF_287	-0.018800000	0.263100000	0.018800000
1722	FF_1027	FF_1278	-0.004300000	0.169400000	0.004300000
1723	FF_551	FF_288	-0.019500000	0.202100000	0.019500000
1724	FF_525	FF_288	-0.011200000	0.254400000	0.011200000
1725	FF_897	FF_288	-0.013200000	0.192500000	0.013200000
1727	FF_688	FF_288	-0.059800000	0.299600000	0.059800000
1729	FF_379	FF_288	-0.024800000	0.269200000	0.024800000
1731	FF_466	FF_288	-0.005100000	0.194500000	0.005100000
1732	FF_927	FF_288	-0.066400000	0.187200000	0.066400000
1736	FF_1405	FF_1279	-0.023300000	0.196100000	0.023300000
1738	FF_973	FF_1279	-0.027700000	0.274200000	0.027700000
1752	FF_406	FF_1282	-0.010700000	0.243500000	0.010700000
1762	FF_899	FF_294	-0.010000000	0.209300000	0.010000000
1764	FF_402	FF_294	-0.044600000	0.229100000	0.044600000
1773	FF_1091	FF_306	-0.060200000	0.201000000	0.060200000
1777	FF_968	FF_297	-0.095100000	0.203600000	0.095100000
1793	FF_651	FF_308	-0.035400000	0.246300000	0.035400000
1798	FF_976	FF_308	-0.027600000	0.220900000	0.027600000
1810	FF_1233	FF_310	-0.012700000	0.223900000	0.012700000
1856	FF_883	FF_1305	-0.001100000	0.181000000	0.001100000
1895	FF_813	FF_1312	-0.009100000	0.148300000	0.009100000
1903	FF_539	FF_323	-0.027100000	0.194700000	0.027100000
1906	FF_1173	FF_324	-0.001200000	0.271200000	0.001200000
1910	FF_915	FF_1316	-0.055300000	0.235200000	0.055300000
1913	FF_1230	FF_326	-0.031700000	0.207500000	0.031700000
1915	FF_1173	FF_326	-0.017300000	0.189500000	0.017300000
1917	FF_449	FF_326	-0.007000000	0.178700000	0.007000000
1920	FF_674	FF_326	-0.074100000	0.225900000	0.074100000
1922	FF_726	FF_1317	-0.029100000	0.241100000	0.029100000
1931	FF_413	FF_328	-0.043700000	0.175700000	0.043700000
1934	FF_1349	FF_328	-0.000200000	0.152000000	0.000200000
1955	FF_1449	FF_1324	-0.031900000	0.237100000	0.031900000
1964	FF_997	FF_1327	-0.022300000	0.208300000	0.022300000
1965	FF_693	FF_1327	-0.013500000	0.249500000	0.013500000
1966	FF_681	FF_1327	-0.042900000	0.185500000	0.042900000
1979	FF_1414	FF_1328	-0.016600000	0.261200000	0.016600000
1995	FF_971	FF_1329	-0.033800000	0.271200000	0.033800000
2001	FF_744	FF_1329	-0.013700000	0.208200000	0.013700000
2007	FF_872	FF_341	-0.009500000	0.172200000	0.009500000
2011	FF_800	FF_341	-0.077900000	0.232300000	0.077900000
2013	FF_907	FF_341	-0.041300000	0.231900000	0.041300000
2020	FF_882	FF_1333	-0.026200000	0.230200000	0.026200000
2021	FF_728	FF_343	-0.034500000	0.217700000	0.034500000
2022	FF_738	FF_1334	-0.001700000	0.215000000	0.001700000
2023	FF_735	FF_1334	-0.008700000	0.275300000	0.008700000
2036	FF_961	FF_346	-0.003400000	0.235600000	0.003400000
2041	FF_1040	FF_346	-0.006300000	0.235200000	0.006300000
2042	FF_795	FF_346	-0.075000000	0.261100000	0.075000000
2046	FF_1470	FF_1337	-0.050300000	0.218300000	0.050300000
2060	FF_457	FF_1338	-0.014700000	0.217200000	0.014700000
2079	FF_1212	FF_350	-0.017200000	0.211700000	0.017200000
2080	FF_672	FF_350	-0.086800000	0.208500000	0.086800000
2088	FF_943	FF_1341	-0.001600000	0.233500000	0.001600000
2096	FF_871	FF_352	-0.019100000	0.163100000	0.019100000
2100	FF_670	FF_1344	-0.053400000	0.251700000	0.053400000
2107	FF_783	FF_1344	-0.002700000	0.214800000	0.002700000
2110	FF_804	FF_354	-0.004100000	0.258300000	0.004100000
2115	FF_1091	FF_1346	-0.021200000	0.230200000	0.021200000
2129	FF_978	FF_1347	-0.067500000	0.246800000	0.067500000
2146	FF_669	FF_360	-0.011900000	0.271000000	0.011900000
2159	FF_675	FF_1354	-0.015000000	0.209100000	0.015000000
2163	FF_1002	FF_364	-0.047800000	0.218900000	0.047800000
2164	FF_688	FF_364	-0.086700000	0.247100000	0.086700000
2180	FF_968	FF_366	-0.047900000	0.285000000	0.047900000
2183	FF_1230	FF_366	-0.005800000	0.219600000	0.005800000
2184	FF_1426	FF_366	-0.003700000	0.260600000	0.003700000
2188	FF_1294	FF_366	-0.031500000	0.198300000	0.031500000
2190	FF_994	FF_1357	-0.013500000	0.174200000	0.013500000
2193	FF_1092	FF_1357	-0.018300000	0.158000000	0.018300000
2201	FF_1009	FF_368	-0.029700000	0.238100000	0.029700000
2215	FF_1321	FF_373	-0.001700000	0.153400000	0.001700000
2220	FF_745	FF_1365	-0.032000000	0.244900000	0.032000000
2231	FF_1421	FF_1366	-0.048500000	0.258600000	0.048500000
2234	FF_882	FF_376	-0.053400000	0.180400000	0.053400000
2246	FF_846	FF_1368	-0.030900000	0.240300000	0.030900000
2252	FF_555	FF_1370	-0.038500000	0.263800000	0.038500000
2253	FF_689	FF_1370	-0.071500000	0.199500000	0.071500000
2256	FF_1116	FF_1370	-0.009300000	0.225100000	0.009300000
2257	FF_1295	FF_1370	-0.004300000	0.224600000	0.004300000
2261	FF_1114	FF_1369	-0.004200000	0.212100000	0.004200000
2266	FF_1105	FF_1371	-0.015500000	0.267000000	0.015500000
2267	FF_915	FF_1371	-0.014300000	0.250500000	0.014300000
2268	FF_648	FF_381	-0.022600000	0.235400000	0.022600000
2275	FF_519	FF_1373	-0.005100000	0.248600000	0.005100000
2277	FF_1419	FF_1374	-0.052400000	0.270600000	0.052400000
2278	FF_1092	FF_1374	-0.126300000	0.274800000	0.126300000
2283	FF_756	FF_1376	-0.027000000	0.215300000	0.027000000
2284	FF_1287	FF_1376	-0.026700000	0.214000000	0.026700000
2288	FF_685	FF_386	-0.011800000	0.226500000	0.011800000
2293	FF_698	FF_386	-0.027800000	0.263700000	0.027800000
2295	FF_663	FF_1377	-0.016600000	0.239800000	0.016600000
2301	FF_990	FF_387	-0.048000000	0.214200000	0.048000000
2308	FF_880	FF_1378	-0.019600000	0.247600000	0.019600000
2310	FF_790	FF_388	-0.004100000	0.256300000	0.004100000
2311	FF_979	FF_388	-0.027000000	0.206800000	0.027000000
2313	FF_485	FF_1380	-0.026300000	0.174400000	0.026300000
2314	FF_464	FF_1380	-0.057900000	0.259400000	0.057900000
2315	FF_476	FF_1379	-0.041100000	0.241400000	0.041100000
2316	FF_555	FF_1379	-0.061100000	0.233300000	0.061100000
2329	FF_1004	FF_1382	-0.037000000	0.255400000	0.037000000
2331	FF_1418	FF_1382	-0.025300000	0.217700000	0.025300000
2332	FF_1148	FF_392	-0.002800000	0.154800000	0.002800000
2334	FF_697	FF_392	-0.055400000	0.224200000	0.055400000
2340	FF_1233	FF_393	-0.013900000	0.163300000	0.013900000
2343	FF_791	FF_1384	-0.021600000	0.206200000	0.021600000
2346	FF_941	FF_394	-0.028100000	0.232300000	0.028100000
2371	FF_978	FF_1388	-0.003400000	0.230700000	0.003400000
2411	FF_683	FF_1393	-0.014400000	0.249400000	0.014400000
2436	FF_989	FF_1407	-0.035000000	0.248300000	0.035000000
2437	FF_731	FF_1407	-0.020000000	0.195800000	0.020000000
2442	FF_1101	FF_1407	-0.013800000	0.254200000	0.013800000
2495	FF_889	FF_426	-0.002500000	0.175900000	0.002500000
2517	FF_1025	FF_430	-0.050500000	0.276900000	0.050500000
2533	FF_957	FF_434	-0.052300000	0.242100000	0.052300000
2539	FF_884	FF_434	-0.069700000	0.258700000	0.069700000
2583	FF_1118	FF_439	-0.032400000	0.194900000	0.032400000
2591	FF_1012	FF_440	-0.008700000	0.241300000	0.008700000
2707	FF_733	FF_460	-0.021300000	0.167900000	0.021300000
2712	FF_678	FF_460	-0.007500000	0.231000000	0.007500000
2719	FF_891	FF_462	-0.001700000	0.237500000	0.001700000
2759	FF_969	FF_468	-0.022400000	0.221700000	0.022400000
2764	FF_663	FF_1460	-0.008500000	0.170000000	0.008500000
2803	FF_661	FF_471	-0.004700000	0.232200000	0.004700000
2820	FF_1424	FF_1464	-0.051500000	0.267200000	0.051500000
2821	FF_544	FF_1464	-0.006300000	0.261200000	0.006300000
2825	FF_1030	FF_1465	-0.024800000	0.257900000	0.024800000
2829	FF_730	FF_1465	-0.036600000	0.217400000	0.036600000
2838	FF_401	FF_476	-0.011500000	0.161400000	0.011500000
2853	FF_890	FF_479	-0.013200000	0.233700000	0.013200000
2865	FF_798	FF_1471	-0.015800000	0.237200000	0.015800000
2867	FF_1484	FF_481	-0.024900000	0.212400000	0.024900000
2868	FF_235	FF_481	-0.015700000	0.241400000	0.015700000
2871	FF_1025	FF_482	-0.017400000	0.200800000	0.017400000
2875	FF_996	FF_483	-0.079300000	0.231500000	0.079300000
2885	FF_975	FF_1476	-0.032100000	0.236700000	0.032100000
2890	FF_658	FF_1476	-0.009300000	0.187100000	0.009300000
2895	FF_1022	FF_487	-0.007000000	0.196500000	0.007000000
2896	FF_801	FF_487	-0.061000000	0.214700000	0.061000000
2906	FF_361	FF_1480	-0.004600000	0.192500000	0.004600000
2917	FF_626	FF_490	-0.035800000	0.238600000	0.035800000
2918	FF_935	FF_490	-0.009900000	0.174700000	0.009900000
2942	FF_1177	FF_502	-0.058700000	0.283400000	0.058700000
2953	FF_542	FF_493	-0.068800000	0.259700000	0.068800000
2954	FF_846	FF_503	-0.008200000	0.217600000	0.008200000
2960	FF_606	FF_504	-0.051500000	0.198700000	0.051500000
2974	FF_1318	FF_505	-0.035600000	0.214400000	0.035600000
2979	FF_1297	FF_506	-0.042500000	0.200300000	0.042500000
2980	FF_467	FF_506	-0.011200000	0.257100000	0.011200000
2998	FF_979	FF_509	-0.000400000	0.246300000	0.000400000
3001	FF_1044	FF_1501	-0.012700000	0.193100000	0.012700000
3002	FF_782	FF_1501	-0.006000000	0.270100000	0.006000000
3005	FF_720	FF_511	-0.000800000	0.201300000	0.000800000
3012	FF_1274	FF_511	-0.034900000	0.257100000	0.034900000
3013	FF_1029	FF_511	-0.021900000	0.236100000	0.021900000
3024	FF_977	FF_515	-0.015000000	0.220200000	0.015000000
3028	FF_1404	FF_1496	-0.000500000	0.166400000	0.000500000
3048	FF_992	FF_1498	-0.052100000	0.228500000	0.052100000
3055	FF_989	FF_518	-0.003400000	0.166900000	0.003400000
3068	FF_1488	FF_524	-0.028100000	0.223300000	0.028100000
3072	FF_550	FF_525	-0.005900000	0.192400000	0.005900000
3085	FF_988	FF_527	-0.007000000	0.209900000	0.007000000
3163	FF_692	FF_558	-0.076800000	0.239600000	0.076800000
3172	FF_944	FF_561	-0.032500000	0.203200000	0.032500000
3175	FF_416	FF_561	-0.069800000	0.263300000	0.069800000
3176	FF_318	FF_561	-0.006900000	0.202000000	0.006900000
3183	FF_1470	FF_564	-0.046800000	0.219400000	0.046800000
3185	FF_686	FF_565	-0.036700000	0.215800000	0.036700000
3198	FF_787	FF_570	-0.038300000	0.235400000	0.038300000
3199	FF_654	FF_570	-0.014100000	0.205300000	0.014100000
3205	FF_656	FF_572	-0.099200000	0.223500000	0.099200000
3208	FF_312	FF_572	-0.019500000	0.227100000	0.019500000
3210	FF_1037	FF_572	-0.073000000	0.260900000	0.073000000
3212	FF_974	FF_572	-0.122200000	0.237900000	0.122200000
3214	FF_1176	FF_574	-0.006800000	0.270800000	0.006800000
3215	FF_333	FF_575	-0.004000000	0.242200000	0.004000000
3217	FF_960	FF_576	-0.094900000	0.269500000	0.094900000
3221	FF_1218	FF_576	-0.012800000	0.236200000	0.012800000
3222	FF_1443	FF_576	-0.022200000	0.187800000	0.022200000
3233	FF_666	FF_581	-0.043100000	0.244400000	0.043100000
3236	FF_967	FF_582	-0.083200000	0.221100000	0.083200000
3242	FF_672	FF_582	-0.014000000	0.270000000	0.014000000
3247	FF_722	FF_585	-0.041100000	0.221200000	0.041100000
3248	FF_689	FF_585	-0.033600000	0.240100000	0.033600000
3249	FF_1113	FF_585	-0.048400000	0.245600000	0.048400000
3250	FF_330	FF_585	-0.011400000	0.240600000	0.011400000
3251	FF_411	FF_586	-0.031300000	0.210100000	0.031300000
3253	FF_566	FF_586	-0.005300000	0.256400000	0.005300000
3254	FF_1389	FF_587	-0.029600000	0.253400000	0.029600000
3259	FF_742	FF_590	-0.034700000	0.267500000	0.034700000
3260	FF_1018	FF_590	-0.036600000	0.254000000	0.036600000
3262	FF_448	FF_600	-0.060200000	0.210200000	0.060200000
3264	FF_1406	FF_600	-0.052600000	0.180500000	0.052600000
3266	FF_389	FF_591	-0.036700000	0.275400000	0.036700000
3267	FF_814	FF_591	-0.067800000	0.253100000	0.067800000
3269	FF_822	FF_592	-0.006500000	0.244500000	0.006500000
3271	FF_410	FF_593	-0.006100000	0.199900000	0.006100000
3272	FF_851	FF_593	-0.011800000	0.248300000	0.011800000
3278	FF_1423	FF_594	-0.008100000	0.262900000	0.008100000
3280	FF_995	FF_594	-0.087800000	0.254300000	0.087800000
3282	FF_1469	FF_594	-0.017200000	0.285000000	0.017200000
3283	FF_499	FF_594	-0.016100000	0.208800000	0.016100000
3284	FF_677	FF_594	-0.079500000	0.266500000	0.079500000
3288	FF_1037	FF_595	-0.028000000	0.228700000	0.028000000
3291	FF_800	FF_596	-0.087300000	0.225900000	0.087300000
3292	FF_1046	FF_596	-0.001800000	0.208600000	0.001800000
3293	FF_1116	FF_596	-0.058600000	0.280100000	0.058600000
3302	FF_167	FF_597	-0.008700000	0.231300000	0.008700000
3312	FF_976	FF_611	-0.048800000	0.192800000	0.048800000
3343	FF_544	FF_620	-0.011500000	0.270000000	0.011500000
3353	FF_803	FF_623	-0.005500000	0.224800000	0.005500000
3368	FF_687	FF_624	-0.028600000	0.220400000	0.028600000
3379	FF_679	FF_629	-0.016700000	0.210700000	0.016700000
3380	FF_1102	FF_629	-0.020700000	0.170300000	0.020700000
3390	FF_698	FF_630	-0.039600000	0.170500000	0.039600000
3394	FF_779	FF_633	-0.009800000	0.247500000	0.009800000
3472	FF_404	FF_0	-0.237700000	0.289600000	0.237700000
3473	FF_587	FF_0	-0.150300000	0.256100000	0.150300000
3476	FF_1041	FF_1	-0.027000000	0.340300000	0.027000000
3477	FF_191	FF_1	-0.016800000	0.226100000	0.016800000
3480	FF_96	FF_2	-0.120900000	0.281500000	0.120900000
3481	FF_1164	FF_2	-0.205200000	0.358800000	0.205200000
3483	FF_505	FF_3	-0.122500000	0.239900000	0.122500000
3489	FF_511	FF_4	-0.087100000	0.284300000	0.087100000
3490	FF_183	FF_4	-0.100200000	0.274600000	0.100200000
3491	FF_582	FF_4	-0.082300000	0.281900000	0.082300000
3492	FF_750	FF_4	-0.180100000	0.299700000	0.180100000
3493	FF_1312	FF_4	-0.108800000	0.320100000	0.108800000
3494	FF_686	FF_4	-0.285800000	0.353900000	0.285800000
3495	FF_565	FF_4	-0.196600000	0.290200000	0.196600000
3496	FF_922	FF_4	-0.133500000	0.263600000	0.133500000
3497	FF_1103	FF_4	-0.178700000	0.346500000	0.178700000
3498	FF_117	FF_4	-0.104000000	0.223400000	0.104000000
3501	FF_138	FF_5	-0.035800000	0.280700000	0.035800000
3502	FF_295	FF_5	-0.111000000	0.255100000	0.111000000
3516	FF_1034	FF_6	-0.178600000	0.307500000	0.178600000
3517	FF_188	FF_6	-0.030300000	0.299100000	0.030300000
3518	FF_547	FF_6	-0.126200000	0.305100000	0.126200000
3519	FF_1008	FF_6	-0.146600000	0.332400000	0.146600000
3520	FF_896	FF_6	-0.183800000	0.326800000	0.183800000
3521	FF_314	FF_6	-0.157200000	0.241000000	0.157200000
3522	FF_521	FF_6	-0.174400000	0.253800000	0.174400000
3523	FF_1437	FF_6	-0.065500000	0.272100000	0.065500000
3524	FF_37	FF_6	-0.018100000	0.256700000	0.018100000
3525	FF_1191	FF_6	-0.029600000	0.227800000	0.029600000
3528	FF_1452	FF_7	-0.113700000	0.335800000	0.113700000
3532	FF_1095	FF_8	-0.185100000	0.270100000	0.185100000
3533	FF_67	FF_8	-0.019500000	0.251800000	0.019500000
3577	FF_1466	FF_701	-0.037700000	0.268900000	0.037700000
3578	FF_541	FF_701	-0.008800000	0.186600000	0.008800000
3580	FF_685	FF_702	-0.049600000	0.242100000	0.049600000
3585	FF_1119	FF_704	-0.010500000	0.230100000	0.010500000
3622	FF_899	FF_711	-0.041000000	0.239400000	0.041000000
3632	FF_888	FF_715	-0.084300000	0.228800000	0.084300000
3634	FF_1289	FF_715	-0.010800000	0.207500000	0.010800000
3636	FF_548	FF_715	-0.019900000	0.175100000	0.019900000
3643	FF_868	FF_716	-0.003900000	0.252400000	0.003900000
3652	FF_1304	FF_717	-0.005300000	0.220900000	0.005300000
3659	FF_1404	FF_718	-0.005700000	0.198700000	0.005700000
3729	FF_421	FF_739	-0.017600000	0.199400000	0.017600000
3750	FF_692	FF_746	-0.015400000	0.225100000	0.015400000
3789	FF_665	FF_765	-0.010800000	0.158200000	0.010800000
3790	FF_1416	FF_765	-0.034100000	0.214400000	0.034100000
3792	FF_668	FF_766	-0.043000000	0.170900000	0.043000000
3801	FF_668	FF_771	-0.001900000	0.247900000	0.001900000
3916	FF_675	FF_817	-0.022200000	0.202300000	0.022200000
3930	FF_799	FF_823	-0.023100000	0.271400000	0.023100000
3935	FF_921	FF_825	-0.021100000	0.188100000	0.021100000
3938	FF_980	FF_827	-0.032800000	0.202600000	0.032800000
3940	FF_1472	FF_828	-0.021700000	0.229200000	0.021700000
3943	FF_1175	FF_829	-0.012700000	0.207100000	0.012700000
3957	FF_1038	FF_834	-0.023400000	0.211700000	0.023400000
3959	FF_677	FF_836	-0.023600000	0.240800000	0.023600000
3961	FF_553	FF_837	-0.003800000	0.189800000	0.003800000
3973	FF_975	FF_839	-0.076600000	0.244500000	0.076600000
3975	FF_808	FF_839	-0.013300000	0.217000000	0.013300000
4012	FF_696	FF_845	-0.015100000	0.212600000	0.015100000
4014	FF_1466	FF_845	-0.005300000	0.214800000	0.005300000
4020	FF_682	FF_845	-0.005200000	0.192700000	0.005200000
4036	FF_657	FF_851	-0.002300000	0.225200000	0.002300000
4037	FF_403	FF_851	-0.016500000	0.191700000	0.016500000
4047	FF_1177	FF_855	-0.004700000	0.202000000	0.004700000
4053	FF_969	FF_855	-0.016000000	0.277200000	0.016000000
4059	FF_794	FF_857	-0.021600000	0.255500000	0.021600000
4062	FF_1302	FF_858	-0.028400000	0.226100000	0.028400000
4066	FF_820	FF_860	-0.005200000	0.159400000	0.005200000
4085	FF_798	FF_867	-0.022500000	0.182500000	0.022500000
4086	FF_695	FF_867	-0.035000000	0.252500000	0.035000000
4089	FF_805	FF_867	-0.034300000	0.195600000	0.034300000
4090	FF_545	FF_867	-0.028900000	0.222500000	0.028900000
4097	FF_1422	FF_870	-0.033900000	0.191800000	0.033900000
4215	FF_402	FF_899	-0.004400000	0.174000000	0.004400000
4252	FF_686	FF_922	-0.015200000	0.211800000	0.015200000
4264	FF_797	FF_930	-0.071900000	0.267900000	0.071900000
4265	FF_421	FF_930	-0.020400000	0.251600000	0.020400000
4266	FF_907	FF_930	-0.014100000	0.197100000	0.014100000
4285	FF_997	FF_931	-0.018000000	0.245100000	0.018000000
4295	FF_443	FF_938	-0.005100000	0.151600000	0.005100000
4301	FF_975	FF_939	-0.022000000	0.183200000	0.022000000
4302	FF_691	FF_939	-0.003900000	0.226300000	0.003900000
4309	FF_1113	FF_939	-0.017100000	0.170200000	0.017100000
4320	FF_727	FF_944	-0.008300000	0.219700000	0.008300000
